Emp ID,First Name,Last Name,Gender,Father's Name,Mother's Name,Mother's Maiden Name,Date of Birth,Date of Joining,Quarter of Joining,Place Name,County,City,State,Zip,User Name
677509,Lois,Walker,F,Donald Walker,Helen Walker,Lewis,3/29/1981,11/24/2003,Q4,Denver,Denver,Denver,CO,80224,lhwalker
940761,Brenda,Robinson,F,Raymond Robinson,Judy Robinson,Perry,7/31/1970,7/27/2008,Q3,Stonewall,De Soto,Stonewall,LA,71078,bsrobinson
428945,Joe,Robinson,M,Scott Robinson,Stephanie Robinson,Taylor,6/16/1963,08-03-2016,Q3,Michigantown,Clinton,Michigantown,IN,46057,jwrobinson
408351,Diane,Evans,F,Jason Evans,Michelle Evans,Allen,12-04-1977,4/16/1999,Q2,Hydetown,Crawford,Hydetown,PA,16328,dievans
193819,Benjamin,Russell,M,Gregory Russell,Elizabeth Russell,Nelson,4/17/1977,7/25/2013,Q3,Fremont,Waupaca,Fremont,WI,54940,brrussell
499687,Patrick,Bailey,M,Ralph Bailey,Laura Bailey,Henderson,9/27/1982,7/22/2005,Q3,Macksburg,Madison,Macksburg,IA,50155,pfbailey
539712,Nancy,Baker,F,Scott Baker,Judy Baker,Thomas,6/13/1995,9/14/2016,Q3,Atlanta,Fulton,Atlanta,GA,30334,ntbaker
380086,Carol,Murphy,F,Eugene Murphy,Katherine Murphy,Peterson,6/30/1958,1/28/1983,Q1,Blanchester,Clinton,Blanchester,OH,45107,cvmurphy
477616,Frances,Young,F,Fred Young,Lillian Young,Diaz,06-09-1959,4/27/1994,Q2,Delmita,Starr,Delmita,TX,78536,fbyoung
162402,Diana,Peterson,F,Jonathan Peterson,Christina Peterson,Ross,11/13/1987,2/17/2014,Q1,Eureka Springs,Carroll,Eureka Springs,AR,72632,dtpeterson
231469,Ralph,Flores,M,Terry Flores,Michelle Flores,Moore,02-05-1975,4/14/2009,Q2,Sabetha,Nemaha,Sabetha,KS,66534,rlflores
153989,Jack,Alexander,M,Samuel Alexander,Sharon Alexander,Walker,5/19/1995,01-05-2017,Q1,Las Vegas,Clark,Las Vegas,NV,89170,jcalexander
386158,Melissa,King,F,Philip King,Maria King,White,2/24/1972,11/24/2015,Q4,New Matamoras,Washington,New Matamoras,OH,45767,mqking
301576,Wayne,Watson,M,Ronald Watson,Margaret Watson,Hayes,6/26/1996,7/19/2017,Q3,Maida,Cavalier,Maida,ND,58255,wgwatson
441771,Cheryl,Scott,F,Richard Scott,Lois Scott,Watson,2/23/1958,11/26/1990,Q4,Quecreek,Somerset,Quecreek,PA,15555,coscott
528509,Paula,Diaz,F,Alan Diaz,Kathryn Diaz,Powell,8/22/1966,8/22/1994,Q3,Beulaville,Duplin,Beulaville,NC,28518,pgdiaz
912990,Joshua,Stewart,M,Todd Stewart,Martha Stewart,Jones,5/18/1970,09-02-2002,Q3,New Douglas,Madison,New Douglas,IL,62074,jtstewart
214352,Theresa,Lee,F,John Lee,Rebecca Lee,Turner,12-05-1992,1/19/2015,Q1,Toeterville,Mitchell,Toeterville,IA,50481,tglee
890290,Julia,Scott,F,Lawrence Scott,Amy Scott,King,7/15/1959,2/23/2005,Q1,Primm Springs,Hickman,Primm Springs,TN,38476,jsscott
622406,Thomas,Lewis,M,Ryan Lewis,Lois Lewis,Price,10-04-1967,06-07-1998,Q2,Dutchtown,Cape Girardeau,Dutchtown,MO,63745,tqlewis
979607,Carol,Edwards,F,Shawn Edwards,Susan Edwards,Gray,12/14/1994,4/25/2016,Q2,Shreveport,Caddo,Shreveport,LA,71162,cjedwards
969580,Matthew,Turner,M,Jose Turner,Kathy Turner,Cox,10/26/1993,02-07-2016,Q1,Heathsville,Northumberland,Heathsville,VA,22473,mlturner
426038,Joan,Stewart,F,Charles Stewart,Julia Stewart,Collins,11/20/1972,12/30/2009,Q4,Middleport,Meigs,Middleport,OH,45760,jcstewart
388642,Ruby,Rogers,F,Ronald Rogers,Teresa Rogers,Alexander,05-01-1980,8/30/2013,Q3,Woodbury,Cannon,Woodbury,TN,37190,rrrogers
560455,Carolyn,Hayes,F,Jimmy Hayes,Sara Hayes,Foster,03-10-1958,07-03-2001,Q3,Saint Cloud,Osceola,Saint Cloud,FL,34771,cvhayes
477253,Anne,Russell,F,Jimmy Russell,Stephanie Russell,Richardson,7/29/1989,11/24/2013,Q4,Stockholm,Grant,Stockholm,SD,57264,alrussell
263480,Daniel,Cooper,M,Louis Cooper,Julie Cooper,Murphy,01-01-1990,03-06-2014,Q1,Manning,Dunn,Manning,ND,58642,dkcooper
683826,Roger,Roberts,M,Antonio Roberts,Katherine Roberts,Brooks,07-07-1969,1/29/2009,Q1,Mount Vernon,Skagit,Mount Vernon,WA,98273,rlroberts
474599,Maria,Walker,F,Ralph Walker,Teresa Walker,Brooks,3/19/1975,10-01-1998,Q4,Lawrenceburg,Lawrence,Lawrenceburg,TN,38464,mwwalker
335732,Brenda,Butler,F,Phillip Butler,Joyce Butler,Thomas,12-06-1963,8/20/1987,Q3,Mesa,Maricopa,Mesa,AZ,85208,bmbutler
329752,Lillian,Brown,F,Gary Brown,Virginia Brown,Wood,05-12-1981,4/13/2015,Q2,Panacea,Wakulla,Panacea,FL,32346,lxbrown
893212,Amy,Howard,F,James Howard,Virginia Howard,Collins,6/16/1981,06-01-2003,Q2,Kline,Kline,Kline,SC,29814,abhoward
621833,Gregory,Edwards,M,Jose Edwards,Helen Edwards,Howard,8/31/1993,9/30/2015,Q3,Bonanza,Klamath,Bonanza,OR,97623,gxedwards
456747,Roy,Griffin,M,Benjamin Griffin,Wanda Griffin,Simmons,05-08-1991,8/23/2012,Q3,Liberty,Union,Liberty,IN,47353,rzgriffin
278556,Richard,Mitchell,M,Peter Mitchell,Andrea Mitchell,Flores,7/28/1993,8/18/2016,Q3,Ohatchee,Calhoun,Ohatchee,AL,36271,rymitchell
333476,Mary,Wilson,F,Robert Wilson,Jennifer Wilson,Patterson,12-01-1967,12/22/1991,Q4,Nashville,Davidson,Nashville,TN,37219,mpwilson
218791,Aaron,Price,M,Michael Price,Diana Price,Torres,02-10-1969,07-03-1997,Q3,Eckerty,Crawford,Eckerty,IN,47116,anprice
134841,Donna,Brown,F,Adam Brown,Irene Brown,James,9/14/1983,7/17/2013,Q3,Lima,Livingston,Lima,NY,14485,drbrown
726264,Carl,Collins,M,Gerald Collins,Phyllis Collins,Rodriguez,12/22/1973,06-09-2007,Q2,Wright,Jefferson,Wright,AR,72182,cncollins
766610,Joyce,Jenkins,F,Edward Jenkins,Susan Jenkins,Hayes,8/22/1961,5/14/2010,Q2,Ellsworth,Pierce,Ellsworth,WI,54011,jejenkins
923947,Mary,Bryant,F,Joshua Bryant,Norma Bryant,Harris,6/21/1962,5/20/2004,Q2,Conroy,Iowa,Conroy,IA,52220,mgbryant
227922,Amanda,Hughes,F,Roy Hughes,Cynthia Hughes,Bryant,7/29/1982,4/19/2007,Q2,Lake Charles,Calcasieu,Lake Charles,LA,70605,amhughes
265813,Jack,Campbell,M,Philip Campbell,Wanda Campbell,Watson,01-04-1985,7/29/2007,Q3,Kalvesta,Kalvesta,Kalvesta,KS,67856,jecampbell
247137,Alan,Rivera,M,Bobby Rivera,Jennifer Rivera,Jackson,12-11-1978,06-07-2006,Q2,Knoxville,Knox,Knoxville,TN,37901,aerivera
407061,Elizabeth,Jackson,F,Scott Jackson,Catherine Jackson,Jackson,8/15/1964,1/19/2005,Q1,Rochester,Strafford,Rochester,NH,3867,eqjackson
226714,Nancy,Davis,F,Bruce Davis,Jessica Davis,Moore,11/14/1983,8/25/2012,Q3,Bowling Green,Clay,Bowling Green,IN,47833,nldavis
702813,Ernest,Martinez,M,Ryan Martinez,Beverly Martinez,Hill,11-09-1989,1/24/2016,Q1,Uniontown,Crawford,Uniontown,AR,72955,edmartinez
524896,Judy,Hernandez,F,Fred Hernandez,Pamela Hernandez,Evans,3/25/1961,12/27/2011,Q4,Topeka,Shawnee,Topeka,KS,66606,jyhernandez
363065,Nancy,Jones,F,Eugene Jones,Sandra Jones,Jenkins,11-10-1993,10/16/2015,Q4,New York City,New York,New York City,NY,10087,nljones
879753,Pamela,Wright,F,Terry Wright,Debra Wright,Williams,4/14/1996,06-09-2017,Q2,Banner,Sheridan,Banner,WY,82832,pxwright
958326,Larry,Miller,M,Russell Miller,Mildred Miller,Ward,10/31/1988,2/22/2017,Q1,East Saint Louis,St. Clair,East Saint Louis,IL,62201,ltmiller
447813,Ann,Coleman,F,Harold Coleman,Tina Coleman,Walker,05-11-1989,11/19/2013,Q4,Hancock,Pottawattamie,Hancock,IA,51536,aqcoleman
525955,Judy,Gonzales,F,Kevin Gonzales,Sharon Gonzales,Perez,6/17/1959,01-03-1992,Q1,Eatontown,Monmouth,Eatontown,NJ,7724,jcgonzales
818384,Peter,Washington,M,Douglas Washington,Jean Washington,Henderson,11-06-1982,11/29/2009,Q4,Portage,Kalamazoo,Portage,MI,49024,pxwashington
971640,Clarence,Ross,M,Arthur Ross,Louise Ross,Washington,12/13/1960,12/31/2008,Q4,Oneida,Scott,Oneida,TN,37841,caross
253573,Sharon,Lopez,F,Daniel Lopez,Susan Lopez,Hayes,05-04-1991,03-07-2014,Q1,Bartley,McDowell,Bartley,WV,24813,selopez
904898,Ann,Cooper,F,Harold Cooper,Mildred Cooper,Williams,12/25/1992,2/15/2017,Q1,Arlee,Lake,Arlee,MT,59821,aqcooper
515103,Anne,Perez,F,Douglas Perez,Doris Perez,Bailey,05-05-1958,7/28/2003,Q3,Cookeville,Putnam,Cookeville,TN,38505,aaperez
491943,Nancy,Howard,F,Gregory Howard,Mildred Howard,Flores,05-05-1961,02-06-1999,Q1,Saxe,Charlotte,Saxe,VA,23967,nphoward
750173,Antonio,Roberts,M,Timothy Roberts,Diana Roberts,Rodriguez,8/27/1995,05-01-2017,Q2,Mc Calla,Jefferson,Mc Calla,AL,35111,arroberts
687017,Frances,Watson,F,Adam Watson,Diana Watson,Jones,1/30/1961,8/20/2010,Q3,Trego,Lincoln,Trego,MT,59934,fpwatson
241882,Debra,Wood,F,Martin Wood,Theresa Wood,Perry,10/30/1969,01-10-1991,Q1,Blair,Washington,Blair,NE,68009,dgwood
758872,Henry,Jenkins,M,Albert Jenkins,Beverly Jenkins,Murphy,11-06-1984,6/21/2017,Q2,Riverside,Platte,Riverside,MO,64150,hyjenkins
940922,Melissa,Butler,F,Robert Butler,Anne Butler,Jackson,11/14/1994,02-05-2017,Q1,Maxwell,Lincoln,Maxwell,NE,69151,mxbutler
917937,Todd,Hall,M,Thomas Hall,Kathleen Hall,Morgan,8/31/1991,05-08-2016,Q2,Randallstown,Baltimore,Randallstown,MD,21133,thhall
917395,Christopher,Nelson,M,Jeffrey Nelson,Cynthia Nelson,Sanders,3/29/1960,11-08-1997,Q4,Willow Beach,Mohave,Willow Beach,AZ,86445,cdnelson
183071,Andrea,Garcia,F,Mark Garcia,Nicole Garcia,Howard,07-06-1985,4/18/2010,Q2,Granger,St. Joseph,Granger,IN,46530,apgarcia
316110,Jeremy,Sanchez,M,Albert Sanchez,Patricia Sanchez,Ross,02-05-1965,04-02-2006,Q2,Alcoa,Blount,Alcoa,TN,37701,jisanchez
293459,Steven,Phillips,M,Jason Phillips,Gloria Phillips,Lewis,09-12-1986,3/27/2015,Q1,Baton Rouge,East Baton Rouge,Baton Rouge,LA,70833,sjphillips
732017,Cynthia,Ramirez,F,Walter Ramirez,Evelyn Ramirez,Smith,9/22/1982,2/18/2009,Q1,Browning,Glacier,Browning,MT,59417,cjramirez
915638,Jason,Anderson,M,Brandon Anderson,Julia Anderson,Baker,01-03-1974,9/21/1999,Q3,Hudson,McLean,Hudson,IL,61748,jwanderson
478003,Cynthia,White,F,Nicholas White,Katherine White,Turner,6/15/1963,03-04-2004,Q1,Kansas City,Jackson,Kansas City,MO,64133,cxwhite
951225,Margaret,Brooks,F,Johnny Brooks,Debra Brooks,Robinson,6/27/1992,8/26/2016,Q3,Haswell,Kiowa,Haswell,CO,81045,mnbrooks
883936,Douglas,Flores,M,Justin Flores,Kathy Flores,Ramirez,4/21/1986,09-10-2009,Q3,Eckert,Delta,Eckert,CO,81418,diflores
528673,Paul,Watson,M,Carl Watson,Anna Watson,Bennett,03-09-1959,6/26/1995,Q2,Blue River,Floyd,Blue River,KY,41607,pvwatson
765850,Linda,Moore,F,Howard Moore,Diana Moore,Smith,8/18/1991,5/15/2017,Q2,Albion,Erie,Albion,PA,16401,lrmoore
262382,Cheryl,Miller,F,Gerald Miller,Christine Miller,Mitchell,4/20/1985,7/30/2007,Q3,Bays,Breathitt,Bays,KY,41310,comiller
870820,Martha,Washington,F,Todd Washington,Carolyn Washington,Reed,3/28/1991,03-03-2017,Q1,Nardin,Kay,Nardin,OK,74646,mgwashington
806955,William,Hernandez,M,Peter Hernandez,Deborah Hernandez,Jones,7/22/1967,3/21/2000,Q1,Mary Esther,Okaloosa,Mary Esther,FL,32569,wghernandez
325319,Carolyn,Price,F,Kevin Price,Patricia Price,Williams,5/30/1976,11-05-2014,Q4,Wheaton,DuPage,Wheaton,IL,60189,cfprice
623253,Ruby,Stewart,F,Paul Stewart,Paula Stewart,Jackson,10/23/1968,07-02-2017,Q3,Margie,Koochiching,Margie,MN,56658,rqstewart
225925,Paul,Cooper,M,Nicholas Cooper,Helen Cooper,Hill,08-12-1991,09-08-2014,Q3,Glidden,Colorado,Glidden,TX,78943,pdcooper
761821,Ernest,Washington,M,Johnny Washington,Shirley Washington,Harris,10/28/1984,1/31/2015,Q1,Saranac Lake,Franklin,Saranac Lake,NY,12983,egwashington
400173,Dorothy,Edwards,F,Dennis Edwards,Betty Edwards,Howard,1/19/1984,12/31/2013,Q4,Philadelphia,Philadelphia,Philadelphia,PA,19132,dkedwards
802554,Ryan,Alexander,M,William Alexander,Elizabeth Alexander,Gray,08-01-1993,8/31/2014,Q3,Jarreau,Pointe Coupee,Jarreau,LA,70749,rvalexander
476433,Lillian,Mitchell,F,Harry Mitchell,Marie Mitchell,Murphy,10/23/1974,12-07-1999,Q4,Wichita,Sedgwick,Wichita,KS,67214,lnmitchell
533952,Kelly,Adams,F,Eric Adams,Janice Adams,Brooks,5/23/1975,07-04-2013,Q3,Meno,Major,Meno,OK,73760,kradams
623929,Jimmy,Howard,M,Nicholas Howard,Patricia Howard,Hayes,11/27/1966,12-12-2007,Q4,Oriskany,Oneida,Oriskany,NY,13424,jrhoward
844177,Margaret,Allen,F,Michael Allen,Karen Allen,Morris,09-08-1981,5/17/2013,Q2,Richmond Dale,Ross,Richmond Dale,OH,45673,mtallen
212893,Janet,Henderson,F,Jerry Henderson,Julie Henderson,Cooper,12/24/1979,12/18/2012,Q4,Miami,Miami-Dade,Miami,FL,33166,jyhenderson
185032,Eugene,Perez,M,Jimmy Perez,Lois Perez,Hall,10-06-1979,12-08-2014,Q4,Racine,Racine,Racine,WI,53490,edperez
867084,Deborah,Smith,F,Richard Smith,Diana Smith,Bennett,10/31/1977,03-04-2002,Q1,Atqasuk,North Slope,Atqasuk,AK,99791,desmith
969964,Janice,Parker,F,Paul Parker,Alice Parker,Perez,01-12-1980,8/23/2016,Q3,Whiteman Air Force Base,Johnson,Whiteman Air Force Base,MO,65305,jsparker
158666,Rebecca,Stewart,F,Roger Stewart,Carol Stewart,Cox,08-11-1961,04-10-1983,Q2,Independence,Inyo,Independence,CA,93526,rastewart
489424,Phillip,White,M,Harold White,Frances White,Carter,03-04-1978,01-05-2016,Q1,Mapleton,Lane,Mapleton,OR,97453,pfwhite
639892,Jose,Hill,M,Carlos Hill,Anna Hill,Hayes,10-08-1994,07-09-2016,Q3,Biloxi,Harrison,Biloxi,MS,39532,jkhill
704709,Harold,Nelson,M,Richard Nelson,Pamela Nelson,Smith,12/24/1984,8/23/2011,Q3,Carol Stream,Carol Stream,Carol Stream,IL,60351,hznelson
461593,Nicole,Ward,F,Ralph Ward,Julia Ward,Lee,12-12-1964,1/23/1989,Q1,Detroit,Wayne,Detroit,MI,48278,noward
392491,Theresa,Murphy,F,George Murphy,Jacqueline Murphy,Peterson,12/30/1987,08-03-2010,Q3,Mc Grath,Yukon-Koyukuk (CA),Mc Grath,AK,99627,trmurphy
495141,Tammy,Young,F,Andrew Young,Brenda Young,Robinson,3/22/1979,4/25/2015,Q2,Alma,Gratiot,Alma,MI,48801,tbyoung
